{
  "users": [
    {
      "id": "1",
      "name": "Maksim",
      "surname": "Khoruzhenko",
      "username": "8elar8oy",
      "email": "makshor123@gmail.com",
      "password": "123456",
      "phone": "1-770-736-8031",
      "image": [
        "./public/ava.jpg",
        "./public/profileHat.png"
      ]
    },
    {
      "id": "2",
      "name": "Artem",
      "surname": "Artemenko",
      "username": "Art1983",
      "email": "art2@gmail.com",
      "password": "123456",
      "phone": "1-770-736-8031",
      "image": [
        "https://img.goodfon.ru/wallpaper/big/2/f3/paren-tolstovka-kapyushon.jpg",
        "./public/profileHat.png"
      ]
    }
  ],
  "publications": [
    {
      "id": "1",
      "userId": "1",
      "title": "sunt aut facere repellat provident occaecati excepturi optio reprehenderit",
      "image": "https://i.pinimg.com/564x/c6/92/d3/c692d3628635f7b25c23cf25a088f8a1.jpg"
    },
    {
      "id": "2",
      "userId": "1",
      "title": "qui est esse",
      "image": "https://i.pinimg.com/236x/a0/88/ac/a088ac693eb4201bde00ef469ce9546f.jpg"
    },
    {
      "id": "3",
      "userId": "1",
      "title": "ea molestias quasi exercitationem repellat qui ipsa sit aut",
      "image": "https://i.pinimg.com/564x/c6/92/d3/c692d3628635f7b25c23cf25a088f8a1.jpg"
    },
    {
      "id": "4",
      "userId": "1",
      "title": "eum et est occaecati",
      "image": "https://i.pinimg.com/564x/c6/92/d3/c692d3628635f7b25c23cf25a088f8a1.jpg"
    },
    {
      "id": "5",
      "userId": "1",
      "title": "nesciunt quas odio",
      "image": "https://i.pinimg.com/564x/c6/92/d3/c692d3628635f7b25c23cf25a088f8a1.jpg"
    }
  ]
}